1463675943.29 , serbatoio , 77.97 , al_fondi , 95.95 , al_generico , 77.96 , al_calcif , 96.53 , premacinato , 78.99 , tazza1 , 93.62 , tazza2 , 78.05 , vapore , 95.59 
1463675943.41 , serbatoio , 81.96 , al_fondi , 81.9 , al_generico , 79.96 , al_calcif , 78.33 , premacinato , 79.96 , tazza1 , 79.54 , tazza2 , 77.96 , vapore , 75.25 
1463675943.54 , serbatoio , 71.96 , al_fondi , 71.87 , al_generico , 71.96 , al_calcif , 68.52 , premacinato , 69.97 , tazza1 , 70.54 , tazza2 , 71.96 , vapore , 71.07 
1463675943.67 , serbatoio , 57.97 , al_fondi , 73.91 , al_generico , 55.1 , al_calcif , 70.62 , premacinato , 57.97 , tazza1 , 72.55 , tazza2 , 55.97 , vapore , 71.9 
1463675943.79 , serbatoio , 31.98 , al_fondi , 31.98 , al_generico , 31.98 , al_calcif , 32.52 , premacinato , 31.98 , tazza1 , 32.72 , tazza2 , 35.98 , vapore , 31.63 
1463675943.92 , serbatoio , 65.97 , al_fondi , 65.97 , al_generico , 65.97 , al_calcif , 62.4 , premacinato , 63.97 , tazza1 , 64.71 , tazza2 , 63.97 , vapore , 63.58 
1463675944.05 , serbatoio , 106.01 , al_fondi , 123.94 , al_generico , 104.02 , al_calcif , 122.23 , premacinato , 102.49 , tazza1 , 121.54 , tazza2 , 105.2 , vapore , 121.58 
1463675944.18 , serbatoio , 73.96 , al_fondi , 73.96 , al_generico , 73.96 , al_calcif , 72.77 , premacinato , 77.96 , tazza1 , 78.13 , tazza2 , 76.02 , vapore , 76.5 
1463675944.3 , serbatoio , 155.92 , al_fondi , 155.87 , al_generico , 155.92 , al_calcif , 152.69 , premacinato , 155.92 , tazza1 , 151.53 , tazza2 , 152.42 , vapore , 150.79 
1463675944.43 , serbatoio , 101.96 , al_fondi , 121.85 , al_generico , 97.09 , al_calcif , 118.23 , premacinato , 100.01 , tazza1 , 114.67 , tazza2 , 99.2 , vapore , 117.56 
1463675944.56 , serbatoio , 65.97 , al_fondi , 65.95 , al_generico , 67.97 , al_calcif , 66.48 , premacinato , 65.97 , tazza1 , 65.04 , tazza2 , 65.97 , vapore , 64.12 
1463675944.68 , serbatoio , 59.97 , al_fondi , 59.97 , al_generico , 59.97 , al_calcif , 58.98 , premacinato , 57.97 , tazza1 , 57.78 , tazza2 , 57.97 , vapore , 59.01 
1463675944.81 , serbatoio , 59.97 , al_fondi , 60.0 , al_generico , 61.97 , al_calcif , 58.73 , premacinato , 59.97 , tazza1 , 55.55 , tazza2 , 57.97 , vapore , 58.13 
1463675944.94 , serbatoio , 4.0 , al_fondi , 3.94 , al_generico , 4.0 , al_calcif , 1.0 , premacinato , 2.0 , tazza1 , 2.18 , tazza2 , 0.0 , vapore , 2.07 
1463675945.06 , serbatoio , 133.94 , al_fondi , 155.92 , al_generico , 131.43 , al_calcif , 150.87 , premacinato , 131.12 , tazza1 , 156.14 , tazza2 , 133.94 , vapore , 157.0 
1463675945.19 , serbatoio , 148.43 , al_fondi , 177.91 , al_generico , 146.55 , al_calcif , 172.98 , premacinato , 148.05 , tazza1 , 174.05 , tazza2 , 151.93 , vapore , 176.17 
1463675945.32 , serbatoio , 147.93 , al_fondi , 148.03 , al_generico , 152.42 , al_calcif , 147.03 , premacinato , 149.93 , tazza1 , 145.59 , tazza2 , 143.93 , vapore , 145.02 
1463675945.45 , serbatoio , 53.97 , al_fondi , 53.97 , al_generico , 53.97 , al_calcif , 54.53 , premacinato , 57.97 , tazza1 , 57.23 , tazza2 , 55.97 , vapore , 55.49 
1463675945.57 , serbatoio , 55.97 , al_fondi , 57.88 , al_generico , 53.97 , al_calcif , 54.69 , premacinato , 55.99 , tazza1 , 57.0 , tazza2 , 53.98 , vapore , 57.55 
1463675945.7 , serbatoio , 71.96 , al_fondi , 71.99 , al_generico , 73.96 , al_calcif , 66.92 , premacinato , 68.0 , tazza1 , 67.87 , tazza2 , 71.96 , vapore , 70.14 
1463675945.83 , serbatoio , 107.88 , al_fondi , 155.78 , al_generico , 106.99 , al_calcif , 156.14 , premacinato , 103.01 , tazza1 , 154.13 , tazza2 , 104.33 , vapore , 153.08 
1463675945.95 , serbatoio , 63.97 , al_fondi , 63.88 , al_generico , 63.97 , al_calcif , 62.49 , premacinato , 62.97 , tazza1 , 64.15 , tazza2 , 65.97 , vapore , 62.71 
1463675946.08 , serbatoio , 95.95 , al_fondi , 99.86 , al_generico , 92.95 , al_calcif , 98.21 , premacinato , 93.97 , tazza1 , 97.4 , tazza2 , 94.08 , vapore , 99.61 
1463675946.21 , serbatoio , 49.98 , al_fondi , 65.95 , al_generico , 48.99 , al_calcif , 64.39 , premacinato , 48.51 , tazza1 , 64.45 , tazza2 , 50.07 , vapore , 65.1 
1463675946.34 , serbatoio , 115.97 , al_fondi , 135.97 , al_generico , 114.29 , al_calcif , 134.43 , premacinato , 113.07 , tazza1 , 137.01 , tazza2 , 116.44 , vapore , 135.02 
1463675946.46 , serbatoio , 69.97 , al_fondi , 69.81 , al_generico , 67.97 , al_calcif , 66.75 , premacinato , 69.97 , tazza1 , 68.52 , tazza2 , 67.97 , vapore , 67.2 
1463675946.59 , serbatoio , 69.97 , al_fondi , 71.96 , al_generico , 68.09 , al_calcif , 72.41 , premacinato , 69.97 , tazza1 , 74.71 , tazza2 , 70.96 , vapore , 71.57 
1463675946.72 , serbatoio , 95.95 , al_fondi , 96.02 , al_generico , 97.95 , al_calcif , 96.55 , premacinato , 98.2 , tazza1 , 97.61 , tazza2 , 96.01 , vapore , 98.12 
1463675946.84 , serbatoio , 23.49 , al_fondi , 40.01 , al_generico , 20.42 , al_calcif , 38.62 , premacinato , 17.12 , tazza1 , 37.14 , tazza2 , 18.99 , vapore , 35.61 
1463675946.97 , serbatoio , 41.1 , al_fondi , 55.79 , al_generico , 40.01 , al_calcif , 56.22 , premacinato , 42.48 , tazza1 , 57.27 , tazza2 , 44.48 , vapore , 56.16 
1463675947.1 , serbatoio , 153.93 , al_fondi , 161.86 , al_generico , 153.92 , al_calcif , 159.2 , premacinato , 156.92 , tazza1 , 156.83 , tazza2 , 156.17 , vapore , 160.6 
1463675947.22 , serbatoio , 151.93 , al_fondi , 151.9 , al_generico , 151.93 , al_calcif , 150.67 , premacinato , 151.93 , tazza1 , 149.58 , tazza2 , 147.93 , vapore , 143.16 
1463675947.35 , serbatoio , 32.01 , al_fondi , 33.98 , al_generico , 31.98 , al_calcif , 32.16 , premacinato , 31.98 , tazza1 , 32.62 , tazza2 , 31.98 , vapore , 33.1 
1463675947.48 , serbatoio , 91.96 , al_fondi , 92.02 , al_generico , 91.96 , al_calcif , 90.44 , premacinato , 91.96 , tazza1 , 90.5 , tazza2 , 89.96 , vapore , 88.63 
1463675947.6 , serbatoio , 71.19 , al_fondi , 36.17 , al_generico , 5.03 , al_calcif , 0.0 , premacinato , 4.91 , tazza1 , 70.75 , tazza2 , 41.7 , vapore , 0.0 
1463675947.73 , serbatoio , 68.76 , al_fondi , 32.55 , al_generico , 10.68 , al_calcif , 8.0 , premacinato , 12.73 , tazza1 , 71.16 , tazza2 , 41.36 , vapore , 11.99 
1463675947.86 , serbatoio , 42.25 , al_fondi , 10.03 , al_generico , 13.57 , al_calcif , 8.92 , premacinato , 17.54 , tazza1 , 47.94 , tazza2 , 17.53 , vapore , 11.09 
1463675947.98 , serbatoio , 51.13 , al_fondi , 18.02 , al_generico , 23.67 , al_calcif , 22.81 , premacinato , 27.58 , tazza1 , 58.45 , tazza2 , 33.38 , vapore , 28.1 
1463675948.11 , serbatoio , 45.01 , al_fondi , 10.43 , al_generico , 9.54 , al_calcif , 6.65 , premacinato , 9.52 , tazza1 , 43.9 , tazza2 , 14.69 , vapore , 11.07 
1463675948.24 , serbatoio , 71.84 , al_fondi , 36.86 , al_generico , 5.11 , al_calcif , 0.0 , premacinato , 4.97 , tazza1 , 70.58 , tazza2 , 40.37 , vapore , 0.0 
1463675948.36 , serbatoio , 71.9 , al_fondi , 36.87 , al_generico , 5.1 , al_calcif , 0.0 , premacinato , 5.0 , tazza1 , 70.62 , tazza2 , 41.7 , vapore , 0.0 
1463675948.49 , serbatoio , 71.9 , al_fondi , 36.86 , al_generico , 5.05 , al_calcif , 0.0 , premacinato , 4.94 , tazza1 , 70.7 , tazza2 , 41.08 , vapore , 0.0 
1463675948.62 , serbatoio , 49.18 , al_fondi , 12.77 , al_generico , 17.54 , al_calcif , 11.99 , premacinato , 15.68 , tazza1 , 52.5 , tazza2 , 23.13 , vapore , 20.25 
1463675948.74 , serbatoio , 49.8 , al_fondi , 16.06 , al_generico , 21.55 , al_calcif , 16.87 , premacinato , 19.66 , tazza1 , 50.8 , tazza2 , 25.58 , vapore , 21.25 
1463675948.87 , serbatoio , 53.05 , al_fondi , 16.29 , al_generico , 21.56 , al_calcif , 20.31 , premacinato , 25.6 , tazza1 , 57.86 , tazza2 , 29.61 , vapore , 27.53 
1463675949.0 , serbatoio , 67.03 , al_fondi , 31.85 , al_generico , 8.89 , al_calcif , 4.35 , premacinato , 10.71 , tazza1 , 68.57 , tazza2 , 37.55 , vapore , 4.0 
1463675949.12 , serbatoio , 71.95 , al_fondi , 35.38 , al_generico , 5.11 , al_calcif , 0.0 , premacinato , 5.06 , tazza1 , 70.65 , tazza2 , 41.05 , vapore , 0.0 
1463675949.25 , serbatoio , 72.02 , al_fondi , 36.72 , al_generico , 5.07 , al_calcif , 0.0 , premacinato , 4.99 , tazza1 , 70.66 , tazza2 , 40.39 , vapore , 0.0 
1463675949.38 , serbatoio , 63.04 , al_fondi , 25.26 , al_generico , 16.09 , al_calcif , 14.34 , premacinato , 18.05 , tazza1 , 60.94 , tazza2 , 34.29 , vapore , 20.53 
1463675949.5 , serbatoio , 55.81 , al_fondi , 21.99 , al_generico , 25.63 , al_calcif , 22.89 , premacinato , 27.71 , tazza1 , 62.29 , tazza2 , 35.48 , vapore , 30.68 
1463675949.63 , serbatoio , 51.06 , al_fondi , 18.06 , al_generico , 21.53 , al_calcif , 18.96 , premacinato , 25.62 , tazza1 , 57.38 , tazza2 , 27.71 , vapore , 27.59 
1463675949.76 , serbatoio , 61.25 , al_fondi , 27.24 , al_generico , 12.18 , al_calcif , 8.0 , premacinato , 12.2 , tazza1 , 60.7 , tazza2 , 31.57 , vapore , 12.55 
1463675949.88 , serbatoio , 71.94 , al_fondi , 36.14 , al_generico , 5.09 , al_calcif , 0.0 , premacinato , 5.0 , tazza1 , 70.74 , tazza2 , 41.03 , vapore , 0.0 
1463675950.01 , serbatoio , 71.86 , al_fondi , 36.88 , al_generico , 5.15 , al_calcif , 0.0 , premacinato , 5.08 , tazza1 , 70.62 , tazza2 , 41.05 , vapore , 0.0 
1463675950.14 , serbatoio , 65.06 , al_fondi , 30.45 , al_generico , 12.57 , al_calcif , 10.0 , premacinato , 14.41 , tazza1 , 67.18 , tazza2 , 40.18 , vapore , 11.99 
1463675950.26 , serbatoio , 43.06 , al_fondi , 8.0 , al_generico , 11.54 , al_calcif , 8.0 , premacinato , 11.61 , tazza1 , 41.24 , tazza2 , 13.49 , vapore , 13.5 
1463675950.39 , serbatoio , 49.12 , al_fondi , 13.99 , al_generico , 15.58 , al_calcif , 12.68 , premacinato , 17.9 , tazza1 , 50.38 , tazza2 , 21.79 , vapore , 19.61 
1463675950.52 , serbatoio , 51.19 , al_fondi , 15.36 , al_generico , 11.84 , al_calcif , 8.34 , premacinato , 12.03 , tazza1 , 52.83 , tazza2 , 27.14 , vapore , 15.79 
1463675950.64 , serbatoio , 71.9 , al_fondi , 36.88 , al_generico , 5.2 , al_calcif , 0.0 , premacinato , 5.02 , tazza1 , 70.49 , tazza2 , 41.04 , vapore , 0.0 
1463675950.77 , serbatoio , 71.78 , al_fondi , 35.39 , al_generico , 5.07 , al_calcif , 0.0 , premacinato , 5.01 , tazza1 , 70.58 , tazza2 , 39.7 , vapore , 0.0 
1463675950.9 , serbatoio , 70.29 , al_fondi , 34.66 , al_generico , 5.14 , al_calcif , 0.0 , premacinato , 5.04 , tazza1 , 69.75 , tazza2 , 38.71 , vapore , 0.0 
1463675951.02 , serbatoio , 41.56 , al_fondi , 6.0 , al_generico , 9.44 , al_calcif , 6.0 , premacinato , 9.55 , tazza1 , 38.36 , tazza2 , 7.57 , vapore , 3.65 
1463675951.15 , serbatoio , 35.12 , al_fondi , 0.44 , al_generico , 3.46 , al_calcif , 0.0 , premacinato , 3.47 , tazza1 , 35.48 , tazza2 , 5.52 , vapore , 2.0 
1463675951.27 , serbatoio , 51.11 , al_fondi , 14.35 , al_generico , 17.57 , al_calcif , 14.67 , premacinato , 19.72 , tazza1 , 55.36 , tazza2 , 25.48 , vapore , 25.08 
1463675951.4 , serbatoio , 71.47 , al_fondi , 39.92 , al_generico , 10.83 , al_calcif , 6.0 , premacinato , 10.75 , tazza1 , 70.07 , tazza2 , 40.45 , vapore , 4.42 
1463675951.53 , serbatoio , 71.84 , al_fondi , 36.86 , al_generico , 5.12 , al_calcif , 0.0 , premacinato , 4.96 , tazza1 , 70.68 , tazza2 , 42.41 , vapore , 0.0 
1463675951.65 , serbatoio , 71.84 , al_fondi , 36.86 , al_generico , 5.18 , al_calcif , 0.0 , premacinato , 5.08 , tazza1 , 70.62 , tazza2 , 41.04 , vapore , 0.0 
1463675951.78 , serbatoio , 55.47 , al_fondi , 17.58 , al_generico , 11.98 , al_calcif , 10.0 , premacinato , 14.08 , tazza1 , 54.62 , tazza2 , 28.14 , vapore , 15.92 
1463675951.91 , serbatoio , 46.94 , al_fondi , 14.03 , al_generico , 19.83 , al_calcif , 18.59 , premacinato , 21.67 , tazza1 , 52.53 , tazza2 , 31.35 , vapore , 25.85 
1463675952.03 , serbatoio , 47.05 , al_fondi , 10.0 , al_generico , 13.45 , al_calcif , 10.68 , premacinato , 13.75 , tazza1 , 48.36 , tazza2 , 19.72 , vapore , 16.33 
1463675952.16 , serbatoio , 63.42 , al_fondi , 29.37 , al_generico , 12.45 , al_calcif , 8.34 , premacinato , 10.29 , tazza1 , 61.71 , tazza2 , 35.87 , vapore , 8.55 
1463675952.29 , serbatoio , 71.95 , al_fondi , 36.87 , al_generico , 5.06 , al_calcif , 0.0 , premacinato , 4.97 , tazza1 , 70.72 , tazza2 , 42.41 , vapore , 0.0 
1463675952.41 , serbatoio , 72.0 , al_fondi , 37.6 , al_generico , 5.0 , al_calcif , 0.0 , premacinato , 5.03 , tazza1 , 70.71 , tazza2 , 40.37 , vapore , 0.0 
1463675952.54 , serbatoio , 66.93 , al_fondi , 34.83 , al_generico , 16.49 , al_calcif , 11.99 , premacinato , 16.52 , tazza1 , 69.61 , tazza2 , 39.95 , vapore , 15.99 
1463675952.67 , serbatoio , 38.98 , al_fondi , 6.03 , al_generico , 9.29 , al_calcif , 6.68 , premacinato , 11.69 , tazza1 , 41.8 , tazza2 , 13.72 , vapore , 12.37 
1463675952.79 , serbatoio , 39.06 , al_fondi , 6.0 , al_generico , 7.48 , al_calcif , 4.23 , premacinato , 7.53 , tazza1 , 38.91 , tazza2 , 11.47 , vapore , 8.92 
1463675952.92 , serbatoio , 58.12 , al_fondi , 24.26 , al_generico , 17.85 , al_calcif , 13.99 , premacinato , 18.14 , tazza1 , 61.77 , tazza2 , 32.71 , vapore , 20.97 
1463675953.05 , serbatoio , 72.03 , al_fondi , 38.35 , al_generico , 5.13 , al_calcif , 0.0 , premacinato , 4.98 , tazza1 , 70.59 , tazza2 , 41.7 , vapore , 0.0 
1463675953.17 , serbatoio , 71.95 , al_fondi , 36.15 , al_generico , 5.06 , al_calcif , 0.0 , premacinato , 5.05 , tazza1 , 70.75 , tazza2 , 41.05 , vapore , 0.0 
1463675953.3 , serbatoio , 68.11 , al_fondi , 33.18 , al_generico , 4.96 , al_calcif , 0.0 , premacinato , 4.82 , tazza1 , 65.46 , tazza2 , 35.87 , vapore , 0.0 
1463675953.43 , serbatoio , 47.73 , al_fondi , 8.36 , al_generico , 11.48 , al_calcif , 8.35 , premacinato , 13.38 , tazza1 , 39.98 , tazza2 , 13.58 , vapore , 15.02 
1463675953.55 , serbatoio , 50.74 , al_fondi , 17.99 , al_generico , 19.57 , al_calcif , 16.63 , premacinato , 19.68 , tazza1 , 49.54 , tazza2 , 23.43 , vapore , 19.44 
1463675953.68 , serbatoio , 49.74 , al_fondi , 8.0 , al_generico , 11.55 , al_calcif , 8.36 , premacinato , 11.46 , tazza1 , 40.47 , tazza2 , 11.84 , vapore , 15.99 
1463675953.81 , serbatoio , 72.36 , al_fondi , 37.31 , al_generico , 5.08 , al_calcif , 0.34 , premacinato , 7.0 , tazza1 , 69.67 , tazza2 , 43.45 , vapore , 4.0 
1463675953.93 , serbatoio , 71.82 , al_fondi , 37.58 , al_generico , 4.99 , al_calcif , 0.0 , premacinato , 4.94 , tazza1 , 70.61 , tazza2 , 41.72 , vapore , 0.0 
1463675954.06 , serbatoio , 71.83 , al_fondi , 37.58 , al_generico , 5.15 , al_calcif , 0.0 , premacinato , 5.01 , tazza1 , 70.58 , tazza2 , 41.08 , vapore , 0.0 
1463675954.19 , serbatoio , 48.59 , al_fondi , 13.37 , al_generico , 9.76 , al_calcif , 6.0 , premacinato , 9.94 , tazza1 , 49.59 , tazza2 , 20.6 , vapore , 9.73 
1463675954.31 , serbatoio , 49.06 , al_fondi , 15.99 , al_generico , 19.67 , al_calcif , 18.68 , premacinato , 21.74 , tazza1 , 55.46 , tazza2 , 29.64 , vapore , 26.87 
1463675954.44 , serbatoio , 48.25 , al_fondi , 14.45 , al_generico , 19.68 , al_calcif , 18.22 , premacinato , 23.7 , tazza1 , 57.93 , tazza2 , 29.51 , vapore , 26.47 
1463675954.56 , serbatoio , 61.13 , al_fondi , 24.85 , al_generico , 6.69 , al_calcif , 2.34 , premacinato , 8.46 , tazza1 , 62.03 , tazza2 , 33.1 , vapore , 6.0 
1463675954.69 , serbatoio , 72.04 , al_fondi , 36.87 , al_generico , 5.06 , al_calcif , 0.0 , premacinato , 4.98 , tazza1 , 70.73 , tazza2 , 41.03 , vapore , 0.0 
1463675954.82 , serbatoio , 71.88 , al_fondi , 37.63 , al_generico , 5.07 , al_calcif , 0.0 , premacinato , 4.96 , tazza1 , 70.64 , tazza2 , 41.75 , vapore , 0.0 
1463675954.94 , serbatoio , 56.47 , al_fondi , 21.69 , al_generico , 8.24 , al_calcif , 4.0 , premacinato , 8.39 , tazza1 , 55.6 , tazza2 , 26.48 , vapore , 5.35 
1463675955.07 , serbatoio , 58.41 , al_fondi , 21.99 , al_generico , 25.6 , al_calcif , 21.12 , premacinato , 29.6 , tazza1 , 62.22 , tazza2 , 37.51 , vapore , 36.42 
1463675955.2 , serbatoio , 40.37 , al_fondi , 6.81 , al_generico , 9.37 , al_calcif , 4.33 , premacinato , 9.47 , tazza1 , 40.99 , tazza2 , 11.51 , vapore , 9.07 
1463675955.32 , serbatoio , 56.93 , al_fondi , 20.32 , al_generico , 13.96 , al_calcif , 10.0 , premacinato , 14.15 , tazza1 , 58.81 , tazza2 , 31.14 , vapore , 15.05 
1463675955.45 , serbatoio , 71.91 , al_fondi , 36.16 , al_generico , 5.11 , al_calcif , 0.0 , premacinato , 5.09 , tazza1 , 70.53 , tazza2 , 39.7 , vapore , 0.0 
1463675955.58 , serbatoio , 71.85 , al_fondi , 36.5 , al_generico , 5.11 , al_calcif , 0.0 , premacinato , 5.03 , tazza1 , 70.65 , tazza2 , 40.41 , vapore , 0.0 
1463675955.7 , serbatoio , 69.11 , al_fondi , 36.25 , al_generico , 10.79 , al_calcif , 6.36 , premacinato , 10.66 , tazza1 , 69.88 , tazza2 , 42.25 , vapore , 8.0 
1463675955.83 , serbatoio , 49.05 , al_fondi , 12.47 , al_generico , 19.39 , al_calcif , 16.32 , premacinato , 19.53 , tazza1 , 48.88 , tazza2 , 21.57 , vapore , 21.19 
1463675955.96 , serbatoio , 45.82 , al_fondi , 10.42 , al_generico , 13.68 , al_calcif , 10.0 , premacinato , 13.45 , tazza1 , 45.62 , tazza2 , 15.61 , vapore , 14.11 
1463675956.08 , serbatoio , 39.86 , al_fondi , 5.51 , al_generico , 7.43 , al_calcif , 3.15 , premacinato , 9.52 , tazza1 , 40.94 , tazza2 , 11.2 , vapore , 5.52 
1463675956.21 , serbatoio , 71.93 , al_fondi , 37.64 , al_generico , 5.08 , al_calcif , 0.0 , premacinato , 4.97 , tazza1 , 70.65 , tazza2 , 41.77 , vapore , 0.0 
1463675956.34 , serbatoio , 71.95 , al_fondi , 37.28 , al_generico , 5.05 , al_calcif , 0.0 , premacinato , 5.01 , tazza1 , 70.72 , tazza2 , 41.07 , vapore , 0.0 
1463675956.46 , serbatoio , 71.73 , al_fondi , 36.18 , al_generico , 5.12 , al_calcif , 0.0 , premacinato , 5.07 , tazza1 , 70.6 , tazza2 , 41.06 , vapore , 0.0 
1463675956.59 , serbatoio , 46.79 , al_fondi , 12.42 , al_generico , 11.74 , al_calcif , 8.87 , premacinato , 11.8 , tazza1 , 47.2 , tazza2 , 20.76 , vapore , 12.95 
1463675956.72 , serbatoio , 40.23 , al_fondi , 6.28 , al_generico , 9.59 , al_calcif , 6.85 , premacinato , 9.54 , tazza1 , 41.33 , tazza2 , 13.45 , vapore , 11.65 
1463675956.84 , serbatoio , 49.04 , al_fondi , 14.4 , al_generico , 19.45 , al_calcif , 16.57 , premacinato , 19.54 , tazza1 , 51.99 , tazza2 , 23.62 , vapore , 23.5 
1463675956.97 , serbatoio , 65.35 , al_fondi , 29.81 , al_generico , 8.73 , al_calcif , 6.27 , premacinato , 12.71 , tazza1 , 69.76 , tazza2 , 40.06 , vapore , 8.0 
1463675957.09 , serbatoio , 72.0 , al_fondi , 36.9 , al_generico , 5.12 , al_calcif , 0.0 , premacinato , 5.05 , tazza1 , 70.65 , tazza2 , 40.4 , vapore , 0.0 
1463675957.22 , serbatoio , 71.85 , al_fondi , 36.88 , al_generico , 5.08 , al_calcif , 0.0 , premacinato , 4.88 , tazza1 , 70.79 , tazza2 , 41.71 , vapore , 0.0 
1463675957.35 , serbatoio , 61.43 , al_fondi , 27.49 , al_generico , 16.12 , al_calcif , 12.36 , premacinato , 16.15 , tazza1 , 61.09 , tazza2 , 33.24 , vapore , 15.06 
1463675957.47 , serbatoio , 41.83 , al_fondi , 6.0 , al_generico , 9.45 , al_calcif , 6.0 , premacinato , 9.47 , tazza1 , 39.54 , tazza2 , 13.45 , vapore , 12.53 
1463675957.6 , serbatoio , 45.72 , al_fondi , 8.0 , al_generico , 11.38 , al_calcif , 9.04 , premacinato , 11.4 , tazza1 , 44.18 , tazza2 , 15.51 , vapore , 17.06 
1463675957.73 , serbatoio , 68.3 , al_fondi , 28.24 , al_generico , 18.16 , al_calcif , 12.86 , premacinato , 22.22 , tazza1 , 70.01 , tazza2 , 41.33 , vapore , 21.98 
1463675957.85 , serbatoio , 71.91 , al_fondi , 36.15 , al_generico , 5.1 , al_calcif , 0.0 , premacinato , 5.06 , tazza1 , 70.69 , tazza2 , 41.74 , vapore , 0.0 
1463675957.98 , serbatoio , 71.97 , al_fondi , 36.89 , al_generico , 5.06 , al_calcif , 0.0 , premacinato , 5.05 , tazza1 , 70.52 , tazza2 , 39.72 , vapore , 0.0 
1463675958.11 , serbatoio , 59.97 , al_fondi , 25.81 , al_generico , 4.72 , al_calcif , 0.0 , premacinato , 4.71 , tazza1 , 61.63 , tazza2 , 33.23 , vapore , 0.54 
1463675958.23 , serbatoio , 43.55 , al_fondi , 11.99 , al_generico , 15.56 , al_calcif , 14.26 , premacinato , 19.68 , tazza1 , 51.01 , tazza2 , 23.44 , vapore , 21.09 
1463675958.36 , serbatoio , 53.05 , al_fondi , 14.06 , al_generico , 17.38 , al_calcif , 14.32 , premacinato , 15.63 , tazza1 , 45.38 , tazza2 , 19.74 , vapore , 21.47 
1463675958.49 , serbatoio , 67.41 , al_fondi , 29.49 , al_generico , 29.72 , al_calcif , 26.33 , premacinato , 29.89 , tazza1 , 65.29 , tazza2 , 41.39 , vapore , 35.83 
1463675958.61 , serbatoio , 71.89 , al_fondi , 36.86 , al_generico , 5.15 , al_calcif , 0.0 , premacinato , 5.04 , tazza1 , 70.58 , tazza2 , 40.29 , vapore , 0.0 
1463675958.74 , serbatoio , 71.76 , al_fondi , 36.86 , al_generico , 5.14 , al_calcif , 0.0 , premacinato , 4.96 , tazza1 , 70.61 , tazza2 , 40.9 , vapore , 0.0 
1463675958.87 , serbatoio , 71.8 , al_fondi , 34.65 , al_generico , 5.22 , al_calcif , 0.0 , premacinato , 5.13 , tazza1 , 70.6 , tazza2 , 40.17 , vapore , 0.0 
1463675958.99 , serbatoio , 46.49 , al_fondi , 10.77 , al_generico , 13.58 , al_calcif , 9.36 , premacinato , 15.64 , tazza1 , 48.32 , tazza2 , 18.39 , vapore , 15.1 
1463675959.12 , serbatoio , 45.8 , al_fondi , 10.0 , al_generico , 13.61 , al_calcif , 10.33 , premacinato , 15.6 , tazza1 , 46.39 , tazza2 , 19.56 , vapore , 15.07 
1463675959.25 , serbatoio , 51.44 , al_fondi , 13.99 , al_generico , 17.59 , al_calcif , 12.64 , premacinato , 19.68 , tazza1 , 52.25 , tazza2 , 23.78 , vapore , 20.25 
1463675959.37 , serbatoio , 67.17 , al_fondi , 32.75 , al_generico , 8.86 , al_calcif , 4.0 , premacinato , 8.92 , tazza1 , 68.62 , tazza2 , 37.6 , vapore , 4.0 
1463675959.5 , serbatoio , 71.89 , al_fondi , 36.87 , al_generico , 5.11 , al_calcif , 0.0 , premacinato , 5.0 , tazza1 , 70.75 , tazza2 , 41.06 , vapore , 0.0 
1463675959.63 , serbatoio , 71.75 , al_fondi , 36.86 , al_generico , 5.17 , al_calcif , 0.0 , premacinato , 5.0 , tazza1 , 70.64 , tazza2 , 41.68 , vapore , 0.0 
1463675959.75 , serbatoio , 60.46 , al_fondi , 24.04 , al_generico , 16.08 , al_calcif , 10.61 , premacinato , 14.13 , tazza1 , 58.28 , tazza2 , 31.69 , vapore , 20.59 
1463675959.88 , serbatoio , 45.66 , al_fondi , 8.0 , al_generico , 11.39 , al_calcif , 8.0 , premacinato , 11.55 , tazza1 , 39.71 , tazza2 , 9.71 , vapore , 11.49 
1463675960.0 , serbatoio , 40.36 , al_fondi , 4.45 , al_generico , 9.51 , al_calcif , 6.34 , premacinato , 9.63 , tazza1 , 42.36 , tazza2 , 11.62 , vapore , 9.02 
1463675960.13 , serbatoio , 55.78 , al_fondi , 20.42 , al_generico , 6.13 , al_calcif , 2.0 , premacinato , 6.12 , tazza1 , 53.65 , tazza2 , 23.73 , vapore , 2.55 
1463675960.26 , serbatoio , 72.02 , al_fondi , 36.87 , al_generico , 4.99 , al_calcif , 0.0 , premacinato , 5.0 , tazza1 , 70.69 , tazza2 , 41.72 , vapore , 0.0 
1463675960.38 , serbatoio , 71.95 , al_fondi , 37.6 , al_generico , 4.99 , al_calcif , 0.0 , premacinato , 4.88 , tazza1 , 70.75 , tazza2 , 41.05 , vapore , 0.0 
1463675960.51 , serbatoio , 59.1 , al_fondi , 22.14 , al_generico , 4.55 , al_calcif , 0.0 , premacinato , 4.56 , tazza1 , 57.18 , tazza2 , 28.17 , vapore , 0.0 
1463675960.64 , serbatoio , 53.74 , al_fondi , 17.99 , al_generico , 21.49 , al_calcif , 20.69 , premacinato , 25.53 , tazza1 , 54.11 , tazza2 , 27.47 , vapore , 27.06 
1463675960.76 , serbatoio , 43.8 , al_fondi , 8.42 , al_generico , 13.51 , al_calcif , 10.96 , premacinato , 15.39 , tazza1 , 45.61 , tazza2 , 19.28 , vapore , 16.53 
1463675960.89 , serbatoio , 57.24 , al_fondi , 18.64 , al_generico , 15.89 , al_calcif , 12.98 , premacinato , 18.1 , tazza1 , 58.57 , tazza2 , 31.14 , vapore , 22.93 
1463675961.02 , serbatoio , 71.98 , al_fondi , 36.89 , al_generico , 5.13 , al_calcif , 0.0 , premacinato , 5.03 , tazza1 , 70.61 , tazza2 , 40.35 , vapore , 0.0 
1463675961.14 , serbatoio , 71.91 , al_fondi , 36.85 , al_generico , 5.03 , al_calcif , 0.0 , premacinato , 4.99 , tazza1 , 70.68 , tazza2 , 41.06 , vapore , 0.0 
1463675961.27 , serbatoio , 70.32 , al_fondi , 34.68 , al_generico , 5.02 , al_calcif , 0.0 , premacinato , 4.94 , tazza1 , 68.94 , tazza2 , 39.4 , vapore , 0.51 
1463675961.4 , serbatoio , 40.42 , al_fondi , 4.0 , al_generico , 7.66 , al_calcif , 4.0 , premacinato , 7.83 , tazza1 , 41.0 , tazza2 , 11.63 , vapore , 7.37 
1463675961.52 , serbatoio , 37.69 , al_fondi , 4.0 , al_generico , 7.45 , al_calcif , 4.0 , premacinato , 7.7 , tazza1 , 38.89 , tazza2 , 9.72 , vapore , 8.41 
1463675961.65 , serbatoio , 43.05 , al_fondi , 8.0 , al_generico , 11.44 , al_calcif , 8.33 , premacinato , 11.63 , tazza1 , 45.02 , tazza2 , 15.69 , vapore , 16.53 
1463675961.78 , serbatoio , 70.47 , al_fondi , 35.71 , al_generico , 8.83 , al_calcif , 4.0 , premacinato , 8.87 , tazza1 , 70.17 , tazza2 , 39.85 , vapore , 4.0 
1463675961.9 , serbatoio , 71.85 , al_fondi , 36.85 , al_generico , 5.11 , al_calcif , 0.0 , premacinato , 4.98 , tazza1 , 70.74 , tazza2 , 41.74 , vapore , 0.0 
1463675962.03 , serbatoio , 71.91 , al_fondi , 37.58 , al_generico , 5.06 , al_calcif , 0.0 , premacinato , 4.97 , tazza1 , 70.69 , tazza2 , 41.7 , vapore , 0.0 
1463675962.16 , serbatoio , 52.79 , al_fondi , 14.85 , al_generico , 9.85 , al_calcif , 6.38 , premacinato , 9.95 , tazza1 , 50.08 , tazza2 , 21.42 , vapore , 11.99 
1463675962.28 , serbatoio , 49.75 , al_fondi , 15.99 , al_generico , 19.54 , al_calcif , 17.99 , premacinato , 21.66 , tazza1 , 54.27 , tazza2 , 25.65 , vapore , 23.41 
1463675962.41 , serbatoio , 37.07 , al_fondi , 6.0 , al_generico , 9.39 , al_calcif , 6.0 , premacinato , 9.39 , tazza1 , 37.46 , tazza2 , 7.5 , vapore , 4.52 
1463675962.54 , serbatoio , 60.11 , al_fondi , 23.38 , al_generico , 6.48 , al_calcif , 2.0 , premacinato , 6.32 , tazza1 , 56.45 , tazza2 , 28.07 , vapore , 4.0 
1463675962.66 , serbatoio , 71.89 , al_fondi , 36.87 , al_generico , 5.11 , al_calcif , 0.0 , premacinato , 5.02 , tazza1 , 70.55 , tazza2 , 41.03 , vapore , 0.0 
1463675962.79 , serbatoio , 71.95 , al_fondi , 37.6 , al_generico , 5.11 , al_calcif , 0.0 , premacinato , 5.03 , tazza1 , 70.54 , tazza2 , 41.01 , vapore , 0.0 
1463675962.92 , serbatoio , 62.17 , al_fondi , 25.38 , al_generico , 8.51 , al_calcif , 4.0 , premacinato , 8.34 , tazza1 , 59.1 , tazza2 , 30.55 , vapore , 8.54 
1463675963.04 , serbatoio , 54.49 , al_fondi , 15.99 , al_generico , 19.68 , al_calcif , 16.49 , premacinato , 19.84 , tazza1 , 52.65 , tazza2 , 25.65 , vapore , 24.97 
1463675963.17 , serbatoio , 49.12 , al_fondi , 15.99 , al_generico , 19.64 , al_calcif , 14.99 , premacinato , 21.7 , tazza1 , 54.14 , tazza2 , 25.51 , vapore , 24.94 
1463675963.29 , serbatoio , 56.78 , al_fondi , 19.58 , al_generico , 13.97 , al_calcif , 10.0 , premacinato , 14.15 , tazza1 , 57.56 , tazza2 , 30.86 , vapore , 16.18 
1463675963.42 , serbatoio , 71.81 , al_fondi , 35.38 , al_generico , 5.12 , al_calcif , 0.0 , premacinato , 4.97 , tazza1 , 70.57 , tazza2 , 41.03 , vapore , 0.0 
1463675963.55 , serbatoio , 71.84 , al_fondi , 36.85 , al_generico , 5.09 , al_calcif , 0.0 , premacinato , 5.04 , tazza1 , 70.56 , tazza2 , 39.72 , vapore , 0.0 
1463675963.67 , serbatoio , 69.39 , al_fondi , 35.94 , al_generico , 6.93 , al_calcif , 0.38 , premacinato , 4.82 , tazza1 , 66.71 , tazza2 , 39.17 , vapore , 2.0 
1463675963.8 , serbatoio , 49.03 , al_fondi , 12.03 , al_generico , 17.53 , al_calcif , 12.39 , premacinato , 17.69 , tazza1 , 52.05 , tazza2 , 25.65 , vapore , 23.03 
1463675963.93 , serbatoio , 37.75 , al_fondi , 4.54 , al_generico , 7.45 , al_calcif , 4.28 , premacinato , 7.55 , tazza1 , 40.37 , tazza2 , 9.72 , vapore , 8.0 
1463675964.05 , serbatoio , 53.04 , al_fondi , 14.45 , al_generico , 21.61 , al_calcif , 20.9 , premacinato , 25.7 , tazza1 , 56.32 , tazza2 , 33.64 , vapore , 29.13 
1463675964.18 , serbatoio , 70.39 , al_fondi , 36.15 , al_generico , 5.1 , al_calcif , 0.0 , premacinato , 5.05 , tazza1 , 69.89 , tazza2 , 40.27 , vapore , 0.0 
1463675964.31 , serbatoio , 71.87 , al_fondi , 36.12 , al_generico , 5.13 , al_calcif , 0.0 , premacinato , 5.07 , tazza1 , 70.56 , tazza2 , 39.71 , vapore , 0.0 
1463675964.43 , serbatoio , 71.91 , al_fondi , 36.88 , al_generico , 5.06 , al_calcif , 0.0 , premacinato , 5.04 , tazza1 , 70.55 , tazza2 , 40.32 , vapore , 0.0 
1463675964.56 , serbatoio , 61.78 , al_fondi , 22.63 , al_generico , 19.78 , al_calcif , 19.99 , premacinato , 23.89 , tazza1 , 62.78 , tazza2 , 36.37 , vapore , 32.98 
1463675964.69 , serbatoio , 53.72 , al_fondi , 13.99 , al_generico , 17.44 , al_calcif , 14.73 , premacinato , 23.62 , tazza1 , 53.34 , tazza2 , 25.63 , vapore , 26.84 
1463675964.81 , serbatoio , 56.04 , al_fondi , 17.99 , al_generico , 21.43 , al_calcif , 20.51 , premacinato , 25.67 , tazza1 , 53.49 , tazza2 , 27.64 , vapore , 28.21 
1463675964.94 , serbatoio , 71.16 , al_fondi , 34.34 , al_generico , 14.56 , al_calcif , 11.99 , premacinato , 16.49 , tazza1 , 73.29 , tazza2 , 46.22 , vapore , 18.25 
1463675965.07 , serbatoio , 71.95 , al_fondi , 38.35 , al_generico , 4.98 , al_calcif , 0.0 , premacinato , 4.94 , tazza1 , 70.6 , tazza2 , 41.04 , vapore , 0.0 
1463675965.19 , serbatoio , 71.91 , al_fondi , 37.46 , al_generico , 5.14 , al_calcif , 0.0 , premacinato , 5.1 , tazza1 , 71.25 , tazza2 , 40.41 , vapore , 0.0 
1463675965.32 , serbatoio , 52.47 , al_fondi , 18.82 , al_generico , 6.22 , al_calcif , 0.34 , premacinato , 4.25 , tazza1 , 52.17 , tazza2 , 21.64 , vapore , 0.54 
1463675965.45 , serbatoio , 42.37 , al_fondi , 8.0 , al_generico , 11.3 , al_calcif , 8.36 , premacinato , 13.65 , tazza1 , 46.48 , tazza2 , 21.64 , vapore , 19.53 
1463675965.57 , serbatoio , 51.05 , al_fondi , 10.03 , al_generico , 13.37 , al_calcif , 10.27 , premacinato , 13.69 , tazza1 , 45.36 , tazza2 , 17.71 , vapore , 19.4 
1463675965.7 , serbatoio , 48.67 , al_fondi , 12.53 , al_generico , 3.95 , al_calcif , 0.62 , premacinato , 4.01 , tazza1 , 46.2 , tazza2 , 15.56 , vapore , 0.0 
1463675965.83 , serbatoio , 71.89 , al_fondi , 36.85 , al_generico , 5.1 , al_calcif , 0.0 , premacinato , 5.05 , tazza1 , 70.75 , tazza2 , 41.72 , vapore , 0.0 
1463675965.95 , serbatoio , 71.79 , al_fondi , 36.84 , al_generico , 5.16 , al_calcif , 0.0 , premacinato , 5.0 , tazza1 , 70.67 , tazza2 , 41.73 , vapore , 0.0 
1463675966.08 , serbatoio , 69.02 , al_fondi , 35.49 , al_generico , 10.9 , al_calcif , 8.0 , premacinato , 12.72 , tazza1 , 71.63 , tazza2 , 42.21 , vapore , 6.54 
1463675966.21 , serbatoio , 53.05 , al_fondi , 13.99 , al_generico , 17.47 , al_calcif , 12.98 , premacinato , 21.68 , tazza1 , 55.78 , tazza2 , 25.7 , vapore , 27.99 
1463675966.33 , serbatoio , 46.42 , al_fondi , 13.99 , al_generico , 17.63 , al_calcif , 14.87 , premacinato , 19.62 , tazza1 , 47.88 , tazza2 , 23.44 , vapore , 21.39 
1463675966.46 , serbatoio , 50.56 , al_fondi , 18.67 , al_generico , 19.77 , al_calcif , 16.82 , premacinato , 21.97 , tazza1 , 54.06 , tazza2 , 29.05 , vapore , 22.94 
1463675966.59 , serbatoio , 71.98 , al_fondi , 37.62 , al_generico , 5.07 , al_calcif , 0.0 , premacinato , 5.06 , tazza1 , 70.55 , tazza2 , 40.39 , vapore , 0.0 
1463675966.71 , serbatoio , 71.96 , al_fondi , 36.87 , al_generico , 5.02 , al_calcif , 0.0 , premacinato , 5.02 , tazza1 , 70.72 , tazza2 , 40.38 , vapore , 0.0 
1463675966.84 , serbatoio , 71.82 , al_fondi , 36.13 , al_generico , 5.14 , al_calcif , 0.0 , premacinato , 5.0 , tazza1 , 70.67 , tazza2 , 41.7 , vapore , 0.0 
1463675966.96 , serbatoio , 46.91 , al_fondi , 10.42 , al_generico , 9.71 , al_calcif , 6.27 , premacinato , 9.76 , tazza1 , 44.12 , tazza2 , 14.7 , vapore , 11.61 
1463675967.09 , serbatoio , 42.36 , al_fondi , 8.0 , al_generico , 11.31 , al_calcif , 8.71 , premacinato , 13.49 , tazza1 , 45.5 , tazza2 , 17.58 , vapore , 14.5 
1463675967.22 , serbatoio , 45.04 , al_fondi , 10.0 , al_generico , 13.48 , al_calcif , 12.28 , premacinato , 15.63 , tazza1 , 49.52 , tazza2 , 21.71 , vapore , 16.15 
1463675967.34 , serbatoio , 62.09 , al_fondi , 26.54 , al_generico , 4.64 , al_calcif , 0.05 , premacinato , 4.5 , tazza1 , 60.81 , tazza2 , 30.56 , vapore , 0.0 
1463675967.47 , serbatoio , 71.92 , al_fondi , 36.88 , al_generico , 5.13 , al_calcif , 0.0 , premacinato , 4.99 , tazza1 , 70.68 , tazza2 , 41.69 , vapore , 0.0 
1463675967.6 , serbatoio , 71.83 , al_fondi , 36.88 , al_generico , 5.1 , al_calcif , 0.0 , premacinato , 5.01 , tazza1 , 70.61 , tazza2 , 41.73 , vapore , 0.0 
1463675967.72 , serbatoio , 56.6 , al_fondi , 21.48 , al_generico , 10.38 , al_calcif , 6.14 , premacinato , 10.31 , tazza1 , 55.82 , tazza2 , 31.24 , vapore , 12.77 
1463675967.85 , serbatoio , 39.73 , al_fondi , 6.47 , al_generico , 11.38 , al_calcif , 6.28 , premacinato , 11.42 , tazza1 , 38.08 , tazza2 , 13.68 , vapore , 10.2 
1463675967.98 , serbatoio , 41.8 , al_fondi , 6.0 , al_generico , 9.59 , al_calcif , 6.57 , premacinato , 11.33 , tazza1 , 42.78 , tazza2 , 17.35 , vapore , 15.56 
1463675968.1 , serbatoio , 58.8 , al_fondi , 23.49 , al_generico , 12.35 , al_calcif , 10.33 , premacinato , 14.3 , tazza1 , 59.28 , tazza2 , 31.3 , vapore , 13.07 
1463675968.23 , serbatoio , 71.97 , al_fondi , 36.89 , al_generico , 5.07 , al_calcif , 0.0 , premacinato , 4.98 , tazza1 , 70.66 , tazza2 , 41.06 , vapore , 0.0 
1463675968.36 , serbatoio , 71.97 , al_fondi , 37.63 , al_generico , 4.99 , al_calcif , 0.0 , premacinato , 4.99 , tazza1 , 70.63 , tazza2 , 41.05 , vapore , 0.0 
1463675968.48 , serbatoio , 71.8 , al_fondi , 36.89 , al_generico , 5.1 , al_calcif , 0.0 , premacinato , 4.96 , tazza1 , 70.69 , tazza2 , 41.0 , vapore , 0.0 
1463675968.61 , serbatoio , 71.86 , al_fondi , 36.15 , al_generico , 5.15 , al_calcif , 0.0 , premacinato , 5.06 , tazza1 , 70.56 , tazza2 , 41.05 , vapore , 0.0 
1463675968.74 , serbatoio , 71.78 , al_fondi , 36.16 , al_generico , 5.18 , al_calcif , 0.0 , premacinato , 5.04 , tazza1 , 70.59 , tazza2 , 41.06 , vapore , 0.0 
1463675968.86 , serbatoio , 71.99 , al_fondi , 38.35 , al_generico , 5.05 , al_calcif , 0.0 , premacinato , 5.05 , tazza1 , 70.69 , tazza2 , 41.04 , vapore , 0.0 
1463675968.99 , serbatoio , 72.01 , al_fondi , 36.15 , al_generico , 5.1 , al_calcif , 0.0 , premacinato , 4.97 , tazza1 , 70.7 , tazza2 , 41.07 , vapore , 0.0 
1463675969.12 , serbatoio , 71.83 , al_fondi , 36.86 , al_generico , 5.14 , al_calcif , 0.0 , premacinato , 5.0 , tazza1 , 70.62 , tazza2 , 42.4 , vapore , 0.0 
1463675969.24 , serbatoio , 71.88 , al_fondi , 38.31 , al_generico , 5.12 , al_calcif , 0.0 , premacinato , 4.98 , tazza1 , 70.62 , tazza2 , 39.71 , vapore , 0.0 
1463675969.37 , serbatoio , 71.84 , al_fondi , 34.66 , al_generico , 5.13 , al_calcif , 0.0 , premacinato , 5.11 , tazza1 , 70.62 , tazza2 , 41.05 , vapore , 0.0 
1463675969.5 , serbatoio , 71.89 , al_fondi , 38.35 , al_generico , 5.08 , al_calcif , 0.0 , premacinato , 4.96 , tazza1 , 70.62 , tazza2 , 41.05 , vapore , 0.0 
1463675969.62 , serbatoio , 72.01 , al_fondi , 36.88 , al_generico , 5.1 , al_calcif , 0.0 , premacinato , 5.08 , tazza1 , 70.61 , tazza2 , 41.06 , vapore , 0.0 
1463675969.75 , serbatoio , 71.77 , al_fondi , 36.15 , al_generico , 5.11 , al_calcif , 0.0 , premacinato , 4.95 , tazza1 , 70.67 , tazza2 , 41.72 , vapore , 0.0 
1463675969.88 , serbatoio , 71.82 , al_fondi , 37.62 , al_generico , 5.09 , al_calcif , 0.0 , premacinato , 5.02 , tazza1 , 70.54 , tazza2 , 40.38 , vapore , 0.0 
1463675970.0 , serbatoio , 71.82 , al_fondi , 35.4 , al_generico , 5.13 , al_calcif , 0.0 , premacinato , 5.02 , tazza1 , 70.68 , tazza2 , 40.35 , vapore , 0.0 
1463675970.13 , serbatoio , 71.86 , al_fondi , 36.16 , al_generico , 5.1 , al_calcif , 0.0 , premacinato , 5.02 , tazza1 , 70.67 , tazza2 , 41.72 , vapore , 0.0 
1463675970.26 , serbatoio , 71.94 , al_fondi , 36.88 , al_generico , 5.13 , al_calcif , 0.0 , premacinato , 4.98 , tazza1 , 70.66 , tazza2 , 41.06 , vapore , 0.0 
1463675970.38 , serbatoio , 71.75 , al_fondi , 36.14 , al_generico , 5.19 , al_calcif , 0.0 , premacinato , 5.01 , tazza1 , 70.6 , tazza2 , 41.02 , vapore , 0.0 
1463675970.51 , serbatoio , 71.8 , al_fondi , 36.88 , al_generico , 5.15 , al_calcif , 0.0 , premacinato , 5.09 , tazza1 , 70.63 , tazza2 , 40.36 , vapore , 0.0 
1463675970.64 , serbatoio , 71.94 , al_fondi , 36.14 , al_generico , 5.07 , al_calcif , 0.0 , premacinato , 5.1 , tazza1 , 70.6 , tazza2 , 41.75 , vapore , 0.0 
1463675970.76 , serbatoio , 71.94 , al_fondi , 36.9 , al_generico , 5.04 , al_calcif , 0.0 , premacinato , 4.93 , tazza1 , 70.71 , tazza2 , 41.73 , vapore , 0.0 
1463675970.89 , serbatoio , 71.97 , al_fondi , 38.35 , al_generico , 5.15 , al_calcif , 0.0 , premacinato , 4.98 , tazza1 , 70.55 , tazza2 , 40.38 , vapore , 0.0 
1463675971.02 , serbatoio , 71.75 , al_fondi , 36.13 , al_generico , 5.19 , al_calcif , 0.0 , premacinato , 4.97 , tazza1 , 70.73 , tazza2 , 41.74 , vapore , 0.0 
1463675971.14 , serbatoio , 71.86 , al_fondi , 36.88 , al_generico , 5.11 , al_calcif , 0.0 , premacinato , 5.06 , tazza1 , 70.62 , tazza2 , 40.39 , vapore , 0.0 
1463675971.27 , serbatoio , 71.95 , al_fondi , 36.13 , al_generico , 5.16 , al_calcif , 0.0 , premacinato , 5.11 , tazza1 , 70.54 , tazza2 , 40.38 , vapore , 0.0 
1463675971.4 , serbatoio , 71.84 , al_fondi , 36.87 , al_generico , 5.12 , al_calcif , 0.0 , premacinato , 4.94 , tazza1 , 70.71 , tazza2 , 41.74 , vapore , 0.0 
1463675971.52 , serbatoio , 71.89 , al_fondi , 37.62 , al_generico , 5.04 , al_calcif , 0.0 , premacinato , 4.96 , tazza1 , 70.61 , tazza2 , 41.05 , vapore , 0.0 
1463675971.65 , serbatoio , 71.86 , al_fondi , 35.85 , al_generico , 5.15 , al_calcif , 0.0 , premacinato , 5.08 , tazza1 , 70.69 , tazza2 , 42.39 , vapore , 0.0 
1463675971.78 , serbatoio , 71.89 , al_fondi , 37.62 , al_generico , 5.08 , al_calcif , 0.0 , premacinato , 4.99 , tazza1 , 70.68 , tazza2 , 40.35 , vapore , 0.0 
1463675971.9 , serbatoio , 71.94 , al_fondi , 36.88 , al_generico , 5.09 , al_calcif , 0.0 , premacinato , 5.13 , tazza1 , 70.48 , tazza2 , 40.37 , vapore , 0.0 
1463675972.03 , serbatoio , 71.89 , al_fondi , 36.14 , al_generico , 5.09 , al_calcif , 0.0 , premacinato , 5.07 , tazza1 , 70.73 , tazza2 , 40.38 , vapore , 0.0 
1463675972.16 , serbatoio , 71.87 , al_fondi , 36.2 , al_generico , 5.17 , al_calcif , 0.0 , premacinato , 4.99 , tazza1 , 70.6 , tazza2 , 41.04 , vapore , 0.0 
1463675972.28 , serbatoio , 71.76 , al_fondi , 35.39 , al_generico , 5.13 , al_calcif , 0.0 , premacinato , 5.0 , tazza1 , 70.67 , tazza2 , 41.75 , vapore , 0.0 
1463675972.41 , serbatoio , 71.87 , al_fondi , 37.61 , al_generico , 5.09 , al_calcif , 0.0 , premacinato , 5.05 , tazza1 , 70.61 , tazza2 , 41.06 , vapore , 0.0 
1463675972.54 , serbatoio , 71.95 , al_fondi , 36.13 , al_generico , 5.17 , al_calcif , 0.0 , premacinato , 5.08 , tazza1 , 70.52 , tazza2 , 40.38 , vapore , 0.0 
1463675972.66 , serbatoio , 71.81 , al_fondi , 36.87 , al_generico , 5.07 , al_calcif , 0.0 , premacinato , 4.93 , tazza1 , 70.69 , tazza2 , 41.07 , vapore , 0.0 
1463675972.79 , serbatoio , 71.92 , al_fondi , 36.15 , al_generico , 5.08 , al_calcif , 0.0 , premacinato , 5.01 , tazza1 , 70.72 , tazza2 , 41.07 , vapore , 0.0 
1463675972.92 , serbatoio , 71.77 , al_fondi , 35.39 , al_generico , 5.14 , al_calcif , 0.0 , premacinato , 5.04 , tazza1 , 70.6 , tazza2 , 41.07 , vapore , 0.0 
1463675973.04 , serbatoio , 71.8 , al_fondi , 36.14 , al_generico , 5.19 , al_calcif , 0.0 , premacinato , 5.11 , tazza1 , 70.53 , tazza2 , 40.64 , vapore , 0.0 
1463675973.17 , serbatoio , 71.87 , al_fondi , 37.61 , al_generico , 5.1 , al_calcif , 0.0 , premacinato , 5.09 , tazza1 , 70.54 , tazza2 , 40.36 , vapore , 0.0 
1463675973.3 , serbatoio , 71.81 , al_fondi , 37.6 , al_generico , 5.15 , al_calcif , 0.0 , premacinato , 5.11 , tazza1 , 70.55 , tazza2 , 41.05 , vapore , 0.0 
1463675973.42 , serbatoio , 71.86 , al_fondi , 38.35 , al_generico , 5.04 , al_calcif , 0.0 , premacinato , 5.08 , tazza1 , 70.59 , tazza2 , 41.74 , vapore , 0.0 
1463675973.55 , serbatoio , 71.87 , al_fondi , 35.39 , al_generico , 5.11 , al_calcif , 0.0 , premacinato , 5.0 , tazza1 , 70.65 , tazza2 , 41.04 , vapore , 0.0 
1463675973.68 , serbatoio , 71.81 , al_fondi , 36.14 , al_generico , 5.14 , al_calcif , 0.0 , premacinato , 5.04 , tazza1 , 70.73 , tazza2 , 41.06 , vapore , 0.0 
1463675973.8 , serbatoio , 71.91 , al_fondi , 36.88 , al_generico , 5.07 , al_calcif , 0.0 , premacinato , 5.11 , tazza1 , 70.49 , tazza2 , 39.73 , vapore , 0.0 
1463675973.93 , serbatoio , 71.81 , al_fondi , 36.86 , al_generico , 5.1 , al_calcif , 0.0 , premacinato , 4.91 , tazza1 , 70.64 , tazza2 , 41.04 , vapore , 0.0 
1463675974.06 , serbatoio , 71.97 , al_fondi , 37.6 , al_generico , 5.01 , al_calcif , 0.0 , premacinato , 5.05 , tazza1 , 70.6 , tazza2 , 40.37 , vapore , 0.0 
1463675974.18 , serbatoio , 71.8 , al_fondi , 35.38 , al_generico , 5.16 , al_calcif , 0.0 , premacinato , 5.08 , tazza1 , 70.6 , tazza2 , 41.05 , vapore , 0.0 
1463675974.31 , serbatoio , 71.73 , al_fondi , 36.89 , al_generico , 5.09 , al_calcif , 0.0 , premacinato , 5.03 , tazza1 , 70.59 , tazza2 , 41.04 , vapore , 0.0 
1463675974.44 , serbatoio , 71.85 , al_fondi , 36.88 , al_generico , 5.12 , al_calcif , 0.0 , premacinato , 5.08 , tazza1 , 70.62 , tazza2 , 41.05 , vapore , 0.0 
1463675974.56 , serbatoio , 71.94 , al_fondi , 36.87 , al_generico , 5.1 , al_calcif , 0.0 , premacinato , 5.06 , tazza1 , 70.57 , tazza2 , 41.75 , vapore , 0.0 
1463675974.69 , serbatoio , 71.98 , al_fondi , 3